{
  "epoch": [
    1,
    2,
    3,
    4,
    5,
    6,
    7,
    8,
    9,
    10
  ],
  "train_loss": [
    0.08302482604980468,
    0.08265997713804245,
    0.08241844698786735,
    0.08213189420104026,
    0.08175877994298934,
    0.08137477505207062,
    0.08092726600170136,
    0.08044862872362137,
    0.0799828758239746,
    0.0795086335837841
  ],
  "val_loss": [
    0.08367523834818885,
    0.08373069514830907,
    0.08383370510169438,
    0.08396363246535497,
    0.08418213138504634,
    0.08441508171104249,
    0.08480069644394375,
    0.08511485005654985,
    0.08554735673325402,
    0.08586665018210335
  ]
}