{
  "epoch": [
    1,
    2,
    3,
    4,
    5,
    6,
    7,
    8,
    9,
    10
  ],
  "train_loss": [
    0.39596639251708987,
    0.39309817135334013,
    0.39085893595218657,
    0.38668870091438295,
    0.3803250242471695,
    0.372175341129303,
    0.3627147305011749,
    0.3530051488876343,
    0.3428280510902405,
    0.3326174430847168
  ],
  "val_loss": [
    0.39508984533567276,
    0.39554035427078366,
    0.3972660851857019,
    0.4013998976775578,
    0.40615679914989167,
    0.41218353831578813,
    0.41956702442396254,
    0.42673279179467094,
    0.4342961841159397,
    0.44408335193755133
  ],
  "train_metric": [
    -0.00035652603814378383,
    0.058405441300943495,
    0.09280971624702215,
    0.1362846349477768,
    0.18479382240772246,
    0.23337748372554779,
    0.27964143723249435,
    0.32075898730754854,
    0.3583435043096542,
    0.3929302045106888
  ],
  "val_metric": [
    -0.0011754187289625406,
    0.008214259647675567,
    0.005726192146539688,
    0.0023810617655279144,
    0.004251840605681378,
    0.0023237580196961522,
    0.00247273309755006,
    0.0024745800358701555,
    0.0032492163369343395,
    -0.0003959815690500869
  ]
}