epoch,train_loss,val_loss
1,0.39893110978603363,0.3964388408358135
2,0.39554922115802765,0.39625172861038693
3,0.3948231302499771,0.39613876598221914
4,0.39448139190673825,0.39611992287257364
5,0.39416792523860933,0.3959347671932644
6,0.39397804462909697,0.39593749055786737
7,0.39383454811573027,0.3957134806920612
8,0.39369776046276095,0.3959456303763011
9,0.3936210886240005,0.39580302011399043
10,0.3935635304450989,0.39552683678884354
