{
  "epoch": [
    1,
    2,
    3,
    4,
    5,
    6,
    7,
    8,
    9,
    10
  ],
  "train_loss": [
    0.39893110978603363,
    0.39554922115802765,
    0.3948231302499771,
    0.39448139190673825,
    0.39416792523860933,
    0.39397804462909697,
    0.39383454811573027,
    0.39369776046276095,
    0.3936210886240005,
    0.3935635304450989
  ],
  "val_loss": [
    0.3964388408358135,
    0.39625172861038693,
    0.39613876598221914,
    0.39611992287257364,
    0.3959347671932644,
    0.39593749055786737,
    0.3957134806920612,
    0.3959456303763011,
    0.39580302011399043,
    0.39552683678884354
  ]
}