{
  "epoch": [
    1,
    2,
    3,
    4,
    5,
    6,
    7,
    8,
    9,
    10
  ],
  "train_loss": [
    0.19542801004648208,
    0.19310944449901582,
    0.19253467202186583,
    0.1922242398262024,
    0.19205663931369782,
    0.19195845490694047,
    0.19190595364570617,
    0.19185477876663207,
    0.1918530393242836,
    0.19185234546661378
  ],
  "val_loss": [
    -3.9819126318371487,
    -3.98191431590489,
    -3.9819144597129217,
    -3.981913381152683,
    -3.981912919453212,
    -3.9819134379190113,
    -3.9819136952596996,
    -3.9819133622305736,
    -3.981914285629515,
    -3.981912783214024
  ]
}