epoch,train_loss,val_loss
1,0.19542801004648208,-3.9819126318371487
2,0.19310944449901582,-3.98191431590489
3,0.19253467202186583,-3.9819144597129217
4,0.1922242398262024,-3.981913381152683
5,0.19205663931369782,-3.981912919453212
6,0.19195845490694047,-3.9819134379190113
7,0.19190595364570617,-3.9819136952596996
8,0.19185477876663207,-3.9819133622305736
9,0.1918530393242836,-3.981914285629515
10,0.19185234546661378,-3.981912783214024
