epoch,train_loss,val_loss
1,0.0800544190555811,0.04583904170800769
2,0.04582386167347431,0.045806818183452364
3,0.04578742007911205,0.04578186275940093
4,0.045759639367461205,0.045754879476532104
5,0.04573845963180065,0.04573959898617533
6,0.04572392421960831,0.045727525497712786
7,0.0457141402810812,0.045715748968105464
8,0.04570893405377865,0.045709602534770966
9,0.045705358222126964,0.04570742483649935
10,0.04570239491760731,0.04570404321901382
