{
  "epoch": [
    1,
    2,
    3,
    4,
    5,
    6,
    7,
    8,
    9,
    10
  ],
  "train_loss": [
    0.0800544190555811,
    0.04582386167347431,
    0.04578742007911205,
    0.045759639367461205,
    0.04573845963180065,
    0.04572392421960831,
    0.0457141402810812,
    0.04570893405377865,
    0.045705358222126964,
    0.04570239491760731
  ],
  "val_loss": [
    0.04583904170800769,
    0.045806818183452364,
    0.04578186275940093,
    0.045754879476532104,
    0.04573959898617533,
    0.045727525497712786,
    0.045715748968105464,
    0.045709602534770966,
    0.04570742483649935,
    0.04570404321901382
  ]
}